{
  "accuracy": 0.7633262260127932,
  "precision": 0.5597667638483965,
  "recall": 0.5133689839572193,
  "f1": 0.5355648535564853,
  "roc_auc": 0.7672748497445269
}