{
  "accuracy": 0.7953091684434968,
  "precision": 0.6405228758169934,
  "recall": 0.5240641711229946,
  "f1": 0.5764705882352941,
  "roc_auc": 0.8307264030315109
}