{
  "accuracy": 0.7768301350390903,
  "precision": 0.5943396226415094,
  "recall": 0.5053475935828877,
  "f1": 0.546242774566474,
  "roc_auc": 0.8142552453525632
}