{
  "accuracy": 0.7867803837953091,
  "precision": 0.6330935251798561,
  "recall": 0.47058823529411764,
  "f1": 0.5398773006134969,
  "roc_auc": 0.828597460281305
}