{
  "accuracy": 0.7981520966595593,
  "precision": 0.6630434782608695,
  "recall": 0.4893048128342246,
  "f1": 0.563076923076923,
  "roc_auc": 0.822632538010364
}