{
  "models": {
    "logistic": {
      "accuracy": 0.7867803837953091,
      "precision": 0.6330935251798561,
      "recall": 0.47058823529411764,
      "f1": 0.5398773006134969,
      "roc_auc": 0.828597460281305
    },
    "decision_tree": {
      "accuracy": 0.7633262260127932,
      "precision": 0.5597667638483965,
      "recall": 0.5133689839572193,
      "f1": 0.5355648535564853,
      "roc_auc": 0.7672748497445269
    },
    "random_forest": {
      "accuracy": 0.7981520966595593,
      "precision": 0.6630434782608695,
      "recall": 0.4893048128342246,
      "f1": 0.563076923076923,
      "roc_auc": 0.822632538010364
    },
    "gradient_boosting": {
      "accuracy": 0.7953091684434968,
      "precision": 0.6405228758169934,
      "recall": 0.5240641711229946,
      "f1": 0.5764705882352941,
      "roc_auc": 0.8307264030315109
    },
    "hist_gradient_boosting": {
      "accuracy": 0.7768301350390903,
      "precision": 0.5943396226415094,
      "recall": 0.5053475935828877,
      "f1": 0.546242774566474,
      "roc_auc": 0.8142552453525632
    },
    "svm": {
      "accuracy": 0.7455579246624022,
      "precision": 0.5164609053497943,
      "recall": 0.6711229946524064,
      "f1": 0.5837209302325581,
      "roc_auc": 0.7795398895279312
    }
  },
  "best_model": "gradient_boosting"
}