{
  "accuracy": 0.7455579246624022,
  "precision": 0.5164609053497943,
  "recall": 0.6711229946524064,
  "f1": 0.5837209302325581,
  "roc_auc": 0.7795398895279312
}